-- 向工业零件调度车间WMS系统添加50个随机工业零件数据
-- 包含物料主数据表、BOM清单头表、BOM清单明细表、库存记录表和低库存预警表的数据
-- 数据包含多种零件类型：原材料、半成品、成品、包装材料、辅助材料
-- 包含7条低库存数据

-- 插入物料主数据 (50条记录)
INSERT INTO materials (material_code, material_name, specification, material_property, auxiliary_property, unit, status, warehouse, remark) VALUES
('1.JK2025011001', '行星齿轮', '模数2,齿数20', '外购', '', 'pcs', '使用', '原材料', ''),
('1.JK2025011002', '太阳轮', '模数2,齿数8', '外购', '', 'pcs', '使用', '原材料', ''),
('1.JK2025011003', '内齿圈', '模数2,齿数48', '外购', '', 'pcs', '使用', '原材料', ''),
('1.JK2025011004', '行星齿轮', '模数2.5,齿数24', '外购', '', 'pcs', '使用', '原材料', ''),
('1.JK2025011005', '太阳轮', '模数2.5,齿数12', '外购', '', 'pcs', '使用', '原材料', ''),
('1.JK2025011006', '内齿圈', '模数2.5,齿数60', '外购', '', 'pcs', '使用', '原材料', ''),
('1.JK2025012001', '输入轴组件', '含键槽,已完成加工', '自制', '', 'pcs', '使用', '半成品', ''),
('1.JK2025012002', '输入轴组件', '含键槽,已完成加工', '自制', '', 'pcs', '使用', '半成品', ''),
('1.JK2025013001', '减速机外壳', '铝合金,带散热片', '自制', '', 'pcs', '使用', '半成品', ''),
('1.JK2025013002', '减速机外壳', '铝合金,带散热片', '自制', '', 'pcs', '使用', '半成品', ''),
('1.JK2025021001', '定子', '外径80mm,内径30mm', '自制', '', 'pcs', '使用', '半成品', ''),
('1.JK2025021002', '转子', '外径28mm,长度50mm', '自制', '', 'pcs', '使用', '半成品', ''),
('1.JK2025021003', '定子', '外径120mm,内径50mm', '自制', '', 'pcs', '使用', '半成品', ''),
('1.JK2025021004', '转子', '外径48mm,长度90mm', '自制', '', 'pcs', '使用', '半成品', ''),
('1.JK2025022001', '端盖', '铝合金,带散热片', '外购', '', 'pcs', '使用', '原材料', ''),
('1.JK2025022002', '轴承', '型号6203', '外购', '', 'pcs', '使用', '原材料', ''),
('1.JK2025022003', '风扇', '塑料,5片叶片', '外购', '', 'pcs', '使用', '原材料', ''),
('1.JK2025022004', '轴承', '型号6206', '外购', '', 'pcs', '使用', '原材料', ''),
('1.JK2025022005', '端盖', '铝合金,带散热片', '外购', '', 'pcs', '使用', '原材料', ''),
('1.JK2025022006', '风扇', '塑料,5片叶片', '外购', '', 'pcs', '使用', '原材料', ''),
('1.JK2025031001', '传感器芯片', '温度测量芯片,精度±0.5℃', '外购', '', 'pcs', '使用', '原材料', ''),
('1.JK2025031002', '压力传感芯片', '压阻式,满量程精度±0.25%', '外购', '', 'pcs', '使用', '原材料', ''),
('1.JK2025032001', '信号调理电路板', 'PCB双面板,已焊接', '自制', '', 'pcs', '使用', '半成品', ''),
('1.JK2025032002', '外壳组件', '不锈钢,IP65防护', '自制', '', 'pcs', '使用', '半成品', ''),
('1.JK2025032003', '信号调理电路板', 'PCB双面板,已焊接', '自制', '', 'pcs', '使用', '半成品', ''),
('1.JK2025032004', '外壳组件', '铝合金,IP67防护', '自制', '', 'pcs', '使用', '半成品', ''),
('1.JK2025033001', '密封圈', '氟橡胶,内径5mm', '外购', '', 'pcs', '使用', '辅助材料', ''),
('1.JK2025033002', '螺栓', 'M3×10,不锈钢', '外购', '', 'pcs', '使用', '辅助材料', ''),
('1.JK2025041001', '主控板', '6层PCB,已贴片', '自制', '', 'pcs', '使用', '半成品', ''),
('1.JK2025041002', '电源板', '4层PCB,已贴片', '自制', '', 'pcs', '使用', '半成品', ''),
('1.JK2025041003', '主控板', '4层PCB,已贴片', '自制', '', 'pcs', '使用', '半成品', ''),
('1.JK2025041004', 'I/O板', '4层PCB,已贴片', '自制', '', 'pcs', '使用', '半成品', ''),
('1.JK2025042001', '控制器外壳', '铝合金,带导轨', '自制', '', 'pcs', '使用', '半成品', ''),
('1.JK2025042002', '控制器外壳', '工程塑料,壁挂式', '自制', '', 'pcs', '使用', '半成品', ''),
('1.JK2025043001', '散热器', '铝型材,自然风冷', '外购', '', 'pcs', '使用', '辅助材料', ''),
('1.JK2025043002', '标签', 'PET材质,彩色打印', '外购', '', 'pcs', '使用', '包装材料', ''),
('1.JK2025051001', '同步带芯', '玻璃纤维,氯丁橡胶', '外购', '', 'pcs', '使用', '原材料', ''),
('1.JK2025051002', '包布', '尼龙布,防油处理', '外购', '', 'pcs', '使用', '原材料', ''),
('1.JK2025051003', 'V型带芯', '聚氨酯,钢丝绳', '外购', '', 'pcs', '使用', '原材料', ''),
('1.JK2025052001', '带轮', '铸铁,80齿', '外购', '', 'pcs', '使用', '原材料', ''),
('1.JK2025052002', '带轮', '铸铁,60齿', '外购', '', 'pcs', '使用', '原材料', ''),
('1.JK2025053001', '张紧器', '弹簧式,可调', '自制', '', 'pcs', '使用', '半成品', ''),
('1.JK2025053002', '张紧器', '重锤式,固定', '自制', '', 'pcs', '使用', '半成品', ''),
('1.JK2025054001', '包装盒', '瓦楞纸,尺寸200×150×50mm', '外购', '', 'pcs', '使用', '包装材料', ''),
('2.JK2025001001', '行星减速机', '速比1:10,功率0.75kW', '自制', '', 'pcs', '使用', '成品', ''),
('2.JK2025001002', '行星减速机', '速比1:20,功率1.5kW', '自制', '', 'pcs', '使用', '成品', ''),
('2.JK2025002001', '伺服电机', '功率0.75kW,额定转速3000rpm', '外购', '', 'pcs', '使用', '成品', ''),
('2.JK2025002002', '伺服电机', '功率2.2kW,额定转速3000rpm', '外购', '', 'pcs', '使用', '成品', ''),
('2.JK2025003001', '温度传感器', '测量范围-40~125℃,输出4-20mA', '外购', '', 'pcs', '使用', '成品', ''),
('2.JK2025003002', '压力传感器', '测量范围0~10MPa,输出0-5V', '外购', '', 'pcs', '使用', '成品', ''),
('2.JK2025004001', '运动控制器', '8轴,支持EtherCAT通信', '外购', '', 'pcs', '使用', '成品', ''),
('2.JK2025004002', 'PLC控制器', '16输入/12输出,支持Modbus', '外购', '', 'pcs', '使用', '成品', ''),
('2.JK2025005001', '同步带', '宽度15mm,节距3mm,长度1000mm', '外购', '', 'pcs', '使用', '成品', ''),
('2.JK2025005002', 'V型带', '型号A-600,长度600mm', '外购', '', 'pcs', '使用', '成品', '');

-- 插入BOM清单头数据 (10条记录)
INSERT INTO bom_headers (bom_group, bom_code, status, material_code, material_name, specification, unit, quantity, cost, remark, material_property, auxiliary_property, creator, created_date, auditor, audit_date, last_updater, last_update_date) VALUES
('减速机系列', 'BOM2001', '使用', '2.JK2025001001', '行星减速机', '速比1:10,功率0.75kW', 'pcs', 1.0000, 1200.00, '', '自制', '', '张三', '2023-01-15', '李四', '2023-01-20', '李四', '2023-01-20'),
('减速机系列', 'BOM2002', '使用', '2.JK2025001002', '行星减速机', '速比1:20,功率1.5kW', 'pcs', 1.0000, 1500.00, '', '自制', '', '张三', '2023-01-15', '李四', '2023-01-20', '李四', '2023-01-20'),
('电机系列', 'BOM2003', '使用', '2.JK2025002001', '伺服电机', '功率0.75kW,额定转速3000rpm', 'pcs', 1.0000, 800.00, '', '外购', '', '王五', '2023-02-10', '李四', '2023-02-15', '李四', '2023-02-15'),
('电机系列', 'BOM2004', '使用', '2.JK2025002002', '伺服电机', '功率2.2kW,额定转速3000rpm', 'pcs', 1.0000, 1600.00, '', '外购', '', '王五', '2023-02-10', '李四', '2023-02-15', '李四', '2023-02-15'),
('传感器系列', 'BOM2005', '使用', '2.JK2025003001', '温度传感器', '测量范围-40~125℃,输出4-20mA', 'pcs', 1.0000, 150.00, '', '外购', '', '王五', '2023-03-05', '李四', '2023-03-10', '李四', '2023-03-10'),
('传感器系列', 'BOM2006', '使用', '2.JK2025003002', '压力传感器', '测量范围0~10MPa,输出0-5V', 'pcs', 1.0000, 250.00, '', '外购', '', '王五', '2023-03-05', '李四', '2023-03-10', '李四', '2023-03-10'),
('控制器系列', 'BOM2007', '使用', '2.JK2025004001', '运动控制器', '8轴,支持EtherCAT通信', 'pcs', 1.0000, 5000.00, '', '外购', '', '王五', '2023-03-20', '李四', '2023-03-25', '李四', '2023-03-25'),
('控制器系列', 'BOM2008', '使用', '2.JK2025004002', 'PLC控制器', '16输入/12输出,支持Modbus', 'pcs', 1.0000, 2500.00, '', '外购', '', '王五', '2023-03-20', '李四', '2023-03-25', '李四', '2023-03-25'),
('传动带系列', 'BOM2009', '使用', '2.JK2025005001', '同步带', '宽度15mm,节距3mm,长度1000mm', 'pcs', 1.0000, 25.00, '', '外购', '', '王五', '2023-04-10', '李四', '2023-04-15', '李四', '2023-04-15'),
('传动带系列', 'BOM2010', '使用', '2.JK2025005002', 'V型带', '型号A-600,长度600mm', 'pcs', 1.0000, 15.00, '', '外购', '', '王五', '2023-04-10', '李四', '2023-04-15', '李四', '2023-04-15');

-- 插入BOM清单明细数据 (每条BOM头记录对应5条明细记录，共50条)
INSERT INTO bom_items (bom_header_id, seq_no, material_id, quantity, loss_rate, status, warehouse, min_stock, remark) VALUES
-- BOM2001的明细(减速机)
(1, 1, 1, 1.0000, 0.0000, '使用', '原材料', 50, ''),
(1, 2, 2, 1.0000, 0.0000, '使用', '原材料', 50, ''),
(1, 3, 3, 1.0000, 0.0000, '使用', '原材料', 50, ''),
(1, 4, 7, 1.0000, 0.0000, '使用', '半成品', 20, ''),
(1, 5, 9, 1.0000, 0.0000, '使用', '半成品', 20, ''),

-- BOM2002的明细(减速机)
(2, 1, 4, 1.0000, 0.0000, '使用', '原材料', 40, ''),
(2, 2, 5, 1.0000, 0.0000, '使用', '原材料', 40, ''),
(2, 3, 6, 1.0000, 0.0000, '使用', '原材料', 40, ''),
(2, 4, 8, 1.0000, 0.0000, '使用', '半成品', 15, ''),
(2, 5, 10, 1.0000, 0.0000, '使用', '半成品', 15, ''),

-- BOM2003的明细(电机)
(3, 1, 11, 1.0000, 0.0000, '使用', '半成品', 30, ''),
(3, 2, 12, 1.0000, 0.0000, '使用', '半成品', 30, ''),
(3, 3, 15, 2.0000, 0.0000, '使用', '原材料', 100, ''),
(3, 4, 16, 2.0000, 0.0000, '使用', '原材料', 200, ''),
(3, 5, 17, 1.0000, 0.0000, '使用', '原材料', 100, ''),

-- BOM2004的明细(电机)
(4, 1, 13, 1.0000, 0.0000, '使用', '半成品', 20, ''),
(4, 2, 14, 1.0000, 0.0000, '使用', '半成品', 20, ''),
(4, 3, 19, 2.0000, 0.0000, '使用', '原材料', 100, ''),
(4, 4, 18, 2.0000, 0.0000, '使用', '原材料', 100, ''),
(4, 5, 20, 1.0000, 0.0000, '使用', '原材料', 50, ''),

-- BOM2005的明细(传感器)
(5, 1, 21, 1.0000, 0.0000, '使用', '原材料', 100, ''),
(5, 2, 23, 1.0000, 0.0000, '使用', '半成品', 50, ''),
(5, 3, 25, 1.0000, 0.0000, '使用', '半成品', 50, ''),
(5, 4, 27, 2.0000, 0.0000, '使用', '辅助材料', 500, ''),
(5, 5, 28, 4.0000, 0.0000, '使用', '辅助材料', 1000, ''),

-- BOM2006的明细(传感器)
(6, 1, 22, 1.0000, 0.0000, '使用', '原材料', 100, ''),
(6, 2, 24, 1.0000, 0.0000, '使用', '半成品', 50, ''),
(6, 3, 26, 1.0000, 0.0000, '使用', '半成品', 50, ''),
(6, 4, 27, 2.0000, 0.0000, '使用', '辅助材料', 500, ''),
(6, 5, 28, 4.0000, 0.0000, '使用', '辅助材料', 1000, ''),

-- BOM2007的明细(控制器)
(7, 1, 29, 1.0000, 0.0000, '使用', '半成品', 15, ''),
(7, 2, 30, 1.0000, 0.0000, '使用', '半成品', 15, ''),
(7, 3, 33, 1.0000, 0.0000, '使用', '半成品', 15, ''),
(7, 4, 35, 1.0000, 0.0000, '使用', '辅助材料', 50, ''),
(7, 5, 36, 2.0000, 0.0000, '使用', '包装材料', 200, ''),

-- BOM2008的明细(控制器)
(8, 1, 31, 1.0000, 0.0000, '使用', '半成品', 20, ''),
(8, 2, 32, 1.0000, 0.0000, '使用', '半成品', 20, ''),
(8, 3, 34, 1.0000, 0.0000, '使用', '半成品', 20, ''),
(8, 4, 35, 1.0000, 0.0000, '使用', '辅助材料', 50, ''),
(8, 5, 36, 2.0000, 0.0000, '使用', '包装材料', 200, ''),

-- BOM2009的明细(传动带)
(9, 1, 37, 1.0000, 0.0000, '使用', '原材料', 100, ''),
(9, 2, 38, 1.0000, 0.0000, '使用', '原材料', 300, ''),
(9, 3, 39, 2.0000, 0.0000, '使用', '原材料', 100, ''),
(9, 4, 41, 1.0000, 0.0000, '使用', '半成品', 50, ''),
(9, 5, 43, 1.0000, 0.0000, '使用', '包装材料', 200, ''),

-- BOM2010的明细(传动带)
(10, 1, 39, 1.0000, 0.0000, '使用', '原材料', 100, ''),
(10, 2, 38, 1.0000, 0.0000, '使用', '原材料', 300, ''),
(10, 3, 40, 2.0000, 0.0000, '使用', '原材料', 50, ''),
(10, 4, 42, 1.0000, 0.0000, '使用', '半成品', 50, ''),
(10, 5, 43, 1.0000, 0.0000, '使用', '包装材料', 200, '');


-- 插入库存记录数据 (100条记录，包含入库和出库)
INSERT INTO inventory_records (type, material_id, material_code, material_name, specification, quantity, warehouse, operator, time) VALUES
-- 原材料入库记录
('IN', 1, '1.JK2025011001', '行星齿轮', '模数2,齿数20', 100, '原材料', '采购部', NOW() - INTERVAL 50 DAY),
('IN', 2, '1.JK2025011002', '太阳轮', '模数2,齿数8', 100, '原材料', '采购部', NOW() - INTERVAL 50 DAY),
('IN', 3, '1.JK2025011003', '内齿圈', '模数2,齿数48', 100, '原材料', '采购部', NOW() - INTERVAL 50 DAY),
('IN', 4, '1.JK2025011004', '行星齿轮', '模数2.5,齿数24', 80, '原材料', '采购部', NOW() - INTERVAL 50 DAY),
('IN', 5, '1.JK2025011005', '太阳轮', '模数2.5,齿数12', 80, '原材料', '采购部', NOW() - INTERVAL 50 DAY),
('IN', 6, '1.JK2025011006', '内齿圈', '模数2.5,齿数60', 80, '原材料', '采购部', NOW() - INTERVAL 50 DAY),
('IN', 15, '1.JK2025022001', '端盖', '铝合金,带散热片', 200, '原材料', '采购部', NOW() - INTERVAL 45 DAY),
('IN', 16, '1.JK2025022002', '轴承', '型号6203', 300, '原材料', '采购部', NOW() - INTERVAL 45 DAY),
('IN', 17, '1.JK2025022003', '风扇', '塑料,5片叶片', 200, '原材料', '采购部', NOW() - INTERVAL 45 DAY),
('IN', 18, '1.JK2025022004', '轴承', '型号6206', 200, '原材料', '采购部', NOW() - INTERVAL 45 DAY),
('IN', 21, '1.JK2025031001', '传感器芯片', '温度测量芯片,精度±0.5℃', 150, '原材料', '采购部', NOW() - INTERVAL 40 DAY),
('IN', 22, '1.JK2025031002', '压力传感芯片', '压阻式,满量程精度±0.25%', 150, '原材料', '采购部', NOW() - INTERVAL 40 DAY),
('IN', 27, '1.JK2025033001', '密封圈', '氟橡胶,内径5mm', 1000, '原材料', '采购部', NOW() - INTERVAL 40 DAY),
('IN', 28, '1.JK2025033002', '螺栓', 'M3×10,不锈钢', 2000, '原材料', '采购部', NOW() - INTERVAL 40 DAY),
('IN', 35, '1.JK2025043001', '散热器', '铝型材,自然风冷', 100, '原材料', '采购部', NOW() - INTERVAL 35 DAY),
('IN', 36, '1.JK2025043002', '标签', 'PET材质,彩色打印', 500, '原材料', '采购部', NOW() - INTERVAL 35 DAY),
('IN', 37, '1.JK2025051001', '同步带芯', '玻璃纤维,氯丁橡胶', 200, '原材料', '采购部', NOW() - INTERVAL 30 DAY),
('IN', 38, '1.JK2025051002', '包布', '尼龙布,防油处理', 500, '原材料', '采购部', NOW() - INTERVAL 30 DAY),
('IN', 39, '1.JK2025051003', 'V型带芯', '聚氨酯,钢丝绳', 200, '原材料', '采购部', NOW() - INTERVAL 30 DAY),
('IN', 40, '1.JK2025052001', '带轮', '铸铁,80齿', 100, '原材料', '采购部', NOW() - INTERVAL 25 DAY),
('IN', 41, '1.JK2025052002', '带轮', '铸铁,60齿', 100, '原材料', '采购部', NOW() - INTERVAL 25 DAY),

-- 半成品入库记录
('IN', 7, '1.JK2025012001', '输入轴组件', '含键槽,已完成加工', 50, '半成品库', '生产部', NOW() - INTERVAL 40 DAY),
('IN', 8, '1.JK2025012002', '输入轴组件', '含键槽,已完成加工', 40, '半成品库', '生产部', NOW() - INTERVAL 40 DAY),
('IN', 9, '1.JK2025013001', '减速机外壳', '铝合金,带散热片', 50, '半成品库', '生产部', NOW() - INTERVAL 35 DAY),
('IN', 10, '1.JK2025013002', '减速机外壳', '铝合金,带散热片', 40, '半成品库', '生产部', NOW() - INTERVAL 35 DAY),
('IN', 11, '1.JK2025021001', '定子', '外径80mm,内径30mm', 60, '半成品库', '生产部', NOW() - INTERVAL 30 DAY),
('IN', 12, '1.JK2025021002', '转子', '外径28mm,长度50mm', 60, '半成品库', '生产部', NOW() - INTERVAL 30 DAY),
('IN', 13, '1.JK2025021003', '定子', '外径120mm,内径50mm', 40, '半成品库', '生产部', NOW() - INTERVAL 30 DAY),
('IN', 14, '1.JK2025021004', '转子', '外径48mm,长度90mm', 40, '半成品库', '生产部', NOW() - INTERVAL 30 DAY),
('IN', 23, '1.JK2025032001', '信号调理电路板', 'PCB双面板,已焊接', 100, '半成品库', '生产部', NOW() - INTERVAL 25 DAY),
('IN', 24, '1.JK2025032002', '外壳组件', '不锈钢,IP65防护', 100, '半成品库', '生产部', NOW() - INTERVAL 25 DAY),
('IN', 25, '1.JK2025032003', '信号调理电路板', 'PCB双面板,已焊接', 100, '半成品库', '生产部', NOW() - INTERVAL 25 DAY),
('IN', 26, '1.JK2025032004', '外壳组件', '铝合金,IP67防护', 100, '半成品库', '生产部', NOW() - INTERVAL 25 DAY),
('IN', 29, '1.JK2025041001', '主控板', '6层PCB,已贴片', 30, '半成品库', '生产部', NOW() - INTERVAL 20 DAY),
('IN', 30, '1.JK2025041002', '电源板', '4层PCB,已贴片', 30, '半成品库', '生产部', NOW() - INTERVAL 20 DAY),
('IN', 31, '1.JK2025041003', '主控板', '4层PCB,已贴片', 40, '半成品库', '生产部', NOW() - INTERVAL 20 DAY),
('IN', 32, '1.JK2025041004', 'I/O板', '4层PCB,已贴片', 40, '半成品库', '生产部', NOW() - INTERVAL 20 DAY),
('IN', 33, '1.JK2025042001', '控制器外壳', '铝合金,带导轨', 30, '半成品库', '生产部', NOW() - INTERVAL 15 DAY),
('IN', 34, '1.JK2025042002', '控制器外壳', '工程塑料,壁挂式', 40, '半成品库', '生产部', NOW() - INTERVAL 15 DAY),
('IN', 41, '1.JK2025053001', '张紧器', '弹簧式,可调', 100, '半成品库', '生产部', NOW() - INTERVAL 10 DAY),
('IN', 42, '1.JK2025053002', '张紧器', '重锤式,固定', 100, '半成品库', '生产部', NOW() - INTERVAL 10 DAY),

-- 成品入库记录
('IN', 44, '2.JK2025001001', '行星减速机', '速比1:10,功率0.75kW', 30, '成品库', '生产部', NOW() - INTERVAL 10 DAY),
('IN', 45, '2.JK2025001002', '行星减速机', '速比1:20,功率1.5kW', 25, '成品库', '生产部', NOW() - INTERVAL 10 DAY),
('IN', 46, '2.JK2025002001', '伺服电机', '功率0.75kW,额定转速3000rpm', 35, '成品库', '生产部', NOW() - INTERVAL 10 DAY),
('IN', 47, '2.JK2025002002', '伺服电机', '功率2.2kW,额定转速3000rpm', 20, '成品库', '生产部', NOW() - INTERVAL 10 DAY),
('IN', 48, '2.JK2025003001', '温度传感器', '测量范围-40~125℃,输出4-20mA', 50, '成品库', '生产部', NOW() - INTERVAL 5 DAY),
('IN', 49, '2.JK2025003002', '压力传感器', '测量范围0~10MPa,输出0-5V', 50, '成品库', '生产部', NOW() - INTERVAL 5 DAY),
('IN', 50, '2.JK2025004001', '运动控制器', '8轴,支持EtherCAT通信', 15, '成品库', '生产部', NOW() - INTERVAL 5 DAY),
('IN', 51, '2.JK2025004002', 'PLC控制器', '16输入/12输出,支持Modbus', 20, '成品库', '生产部', NOW() - INTERVAL 5 DAY),
('IN', 52, '2.JK2025005001', '同步带', '宽度15mm,节距3mm,长度1000mm', 100, '成品库', '生产部', NOW() - INTERVAL 3 DAY),
('IN', 53, '2.JK2025005002', 'V型带', '型号A-600,长度600mm', 100, '成品库', '生产部', NOW() - INTERVAL 3 DAY),

-- 包装材料入库记录
('IN', 43, '1.JK2025054001', '包装盒', '瓦楞纸,尺寸200×150×50mm', 500, '包装材料库', '采购部', NOW() - INTERVAL 30 DAY),

-- 辅助材料入库记录
('IN', 35, '1.JK2025043001', '散热器', '铝型材,自然风冷', 100, '辅助材料库', '采购部', NOW() - INTERVAL 35 DAY),
('IN', 36, '1.JK2025043002', '标签', 'PET材质,彩色打印', 500, '辅助材料库', '采购部', NOW() - INTERVAL 35 DAY),

-- 出库记录（生产领料）
('OUT', 1, '1.JK2025011001', '行星齿轮', '模数2,齿数20', 70, '原材料', '生产部', NOW() - INTERVAL 8 DAY),
('OUT', 2, '1.JK2025011002', '太阳轮', '模数2,齿数8', 80, '原材料', '生产部', NOW() - INTERVAL 8 DAY),
('OUT', 3, '1.JK2025011003', '内齿圈', '模数2,齿数48', 80, '原材料', '生产部', NOW() - INTERVAL 8 DAY),
('OUT', 15, '1.JK2025022001', '端盖', '铝合金,带散热片', 140, '原材料', '生产部', NOW() - INTERVAL 8 DAY),
('OUT', 16, '1.JK2025022002', '轴承', '型号6203', 260, '原材料', '生产部', NOW() - INTERVAL 8 DAY),
('OUT', 21, '1.JK2025031001', '传感器芯片', '温度测量芯片,精度±0.5℃', 100, '原材料', '生产部', NOW() - INTERVAL 8 DAY),
('OUT', 27, '1.JK2025033001', '密封圈', '氟橡胶,内径5mm', 800, '原材料', '生产部', NOW() - INTERVAL 8 DAY),
('OUT', 35, '1.JK2025043001', '散热器', '铝型材,自然风冷', 70, '原材料', '生产部', NOW() - INTERVAL 8 DAY),
('OUT', 37, '1.JK2025051001', '同步带芯', '玻璃纤维,氯丁橡胶', 150, '原材料', '生产部', NOW() - INTERVAL 8 DAY),
('OUT', 40, '1.JK2025052001', '带轮', '铸铁,80齿', 70, '原材料', '生产部', NOW() - INTERVAL 8 DAY),

-- 出库记录（销售发货）
('OUT', 44, '2.JK2025001001', '行星减速机', '速比1:10,功率0.75kW', 25, '成品库', '销售部', NOW() - INTERVAL 3 DAY),
('OUT', 46, '2.JK2025002001', '伺服电机', '功率0.75kW,额定转速3000rpm', 30, '成品库', '销售部', NOW() - INTERVAL 3 DAY),
('OUT', 48, '2.JK2025003001', '温度传感器', '测量范围-40~125℃,输出4-20mA', 40, '成品库', '销售部', NOW() - INTERVAL 2 DAY),
('OUT', 50, '2.JK2025004001', '运动控制器', '8轴,支持EtherCAT通信', 10, '成品库', '销售部', NOW() - INTERVAL 2 DAY),
('OUT', 52, '2.JK2025005001', '同步带', '宽度15mm,节距3mm,长度1000mm', 80, '成品库', '销售部', NOW() - INTERVAL 1 DAY),

-- 半成品出库记录（装配使用）
('OUT', 7, '1.JK2025012001', '输入轴组件', '含键槽,已完成加工', 30, '半成品库', '生产部', NOW() - INTERVAL 5 DAY),
('OUT', 9, '1.JK2025013001', '减速机外壳', '铝合金,带散热片', 30, '半成品库', '生产部', NOW() - INTERVAL 5 DAY),
('OUT', 11, '1.JK2025021001', '定子', '外径80mm,内径30mm', 40, '半成品库', '生产部', NOW() - INTERVAL 5 DAY),
('OUT', 23, '1.JK2025032001', '信号调理电路板', 'PCB双面板,已焊接', 80, '半成品库', '生产部', NOW() - INTERVAL 5 DAY),
('OUT', 29, '1.JK2025041001', '主控板', '6层PCB,已贴片', 20, '半成品库', '生产部', NOW() - INTERVAL 3 DAY);

-- 插入低库存预警数据 (7条记录)
INSERT INTO low_stock_items (material_id, material_code, material_name, specification, current_stock, min_stock, warehouse, status) VALUES
(2, '1.JK2025011002', '太阳轮', '模数2,齿数8', 20, 50, '原材料', '预警'),
(18, '1.JK2025022004', '轴承', '型号6206', 40, 100, '原材料', '预警'),
(22, '1.JK2025031002', '压力传感芯片', '压阻式,满量程精度±0.25%', 50, 100, '原材料', '预警'),
(28, '1.JK2025033002', '螺栓', 'M3×10,不锈钢', 200, 500, '原材料', '预警'),
(33, '1.JK2025042001', '控制器外壳', '铝合金,带导轨', 10, 30, '半成品库', '预警'),
(29, '1.JK2025041001', '主控板', '6层PCB,已贴片', 5, 15, '半成品库', '预警'),
(43, '1.JK2025054001', '包装盒', '瓦楞纸,尺寸200×150×50mm', 20, 50, '包装材料库', '预警');